Station ID,Date (mm/dd/yyyy),Time (hh:mm:ss),Time Zone,Sensor Environment,Raw Water Temperature (°C),Adjusted Water Temperature (°C),Raw Specific Conductance (uS/cm),Adjusted Specific Conductance (uS/cm),Raw Salinity (ppt),Adjusted Salinity (ppt),Raw Water Level (ft),Adjusted Water Level (ft),Raw Water Elevation to Marsh (ft),Adjusted Water Elevation to Marsh (ft),Raw Water Elevation to Datum (ft),Adjusted Water Elevation to Datum (ft),Raw Marsh Mat Elevation (ft),Adjusted Marsh Mat Elevation to Datum (ft),Geoid,Raw Battery (V),Adjusted Battery (V),Raw Wind Speed (mph),Adjusted Wind Speed (mph),Raw Wind Direction (degrees),Adjusted Wind Direction (degrees),Raw Velocity (ft/sec),Adjusted Velocity (ft/sec),Raw Precipitation (tips/hour),Adjusted Precipitation (inches),Raw Air Pressure (mm of Hg),Adjusted Air Pressure (mm of Hg),Raw Total Chlorophyll (micrograms/L),Adjusted Total Chlorophyll (micrograms/L),Raw Dissolved Oxygen (milligrams/L),Adjusted Dissolved Oxygen (milligrams/L),Raw pH (pH units),Adjusted pH (pH units),Raw Turbidity (FNU),Adjusted Turbidity (FNU),Raw Discharge (cubic ft/sec),Adjusted Discharge (cubic ft/sec),Organization Name,Comments
CRMS0002-H01,11/2/2024,00:00:00,CST,Surface Water,24.95,24.95,16309.00,16532.77,9.55,9.67,2.55,2.55,,1.153,,1.87,,,GEOID12B,6.10,6.10,,,,,,,,,,,,,,,,,,,,,COASTAL ESTUARY SERVICES LLC,
CRMS0002-H01,11/2/2024,01:00:00,CST,Surface Water,24.87,24.87,16028.00,16248.87,9.37,9.49,2.63,2.63,,1.229,,1.95,,,GEOID12B,6.10,6.10,,,,,,,,,,,,,,,,,,,,,COASTAL ESTUARY SERVICES LLC,
CRMS0002-H01,11/2/2024,02:00:00,CST,Surface Water,24.71,24.71,15775.00,15993.32,9.21,9.33,2.67,2.67,,1.268,,1.99,,,GEOID12B,6.10,6.10,,,,,,,,,,,,,,,,,,,,,COASTAL ESTUARY SERVICES LLC,
CRMS0002-H01,11/2/2024,03:00:00,CST,Surface Water,24.55,24.55,15309.00,15521.79,8.92,9.04,2.62,2.62,,1.222,,1.94,,,GEOID12B,6.10,6.10,,,,,,,,,,,,,,,,,,,,,COASTAL ESTUARY SERVICES LLC,
CRMS0002-H01,11/2/2024,04:00:00,CST,Surface Water,24.44,24.44,14953.00,15161.73,8.69,8.81,2.59,2.59,,1.193,,1.91,,,GEOID12B,6.10,6.10,,,,,,,,,,,,,,,,,,,,,COASTAL ESTUARY SERVICES LLC,
CRMS0002-H01,11/2/2024,05:00:00,CST,Surface Water,24.56,24.56,15230.00,15443.51,8.87,8.99,2.58,2.58,,1.183,,1.90,,,GEOID12B,6.10,6.10,,,,,,,,,,,,,,,,,,,,,COASTAL ESTUARY SERVICES LLC,
CRMS0002-H01,11/2/2024,06:00:00,CST,Surface Water,24.57,24.57,15283.00,15498.16,8.90,9.02,2.55,2.55,,1.147,,1.87,,,GEOID12B,6.10,6.10,,,,,,,,,,,,,,,,,,,,,COASTAL ESTUARY SERVICES LLC,
CRMS0002-H01,11/2/2024,07:00:00,CST,Surface Water,24.60,24.60,15331.00,15547.75,8.93,9.05,2.48,2.48,,1.085,,1.80,,,GEOID12B,6.10,6.10,,,,,,,,,,,,,,,,,,,,,COASTAL ESTUARY SERVICES LLC,
CRMS0002-H01,11/2/2024,08:00:00,CST,Surface Water,24.67,24.67,15287.00,15504.04,8.90,9.03,2.36,2.36,,0.963,,1.68,,,GEOID12B,6.10,6.10,,,,,,,,,,,,,,,,,,,,,COASTAL ESTUARY SERVICES LLC,
CRMS0002-H01,11/2/2024,09:00:00,CST,Surface Water,24.78,24.78,15371.00,15590.15,8.95,9.08,2.33,2.33,,0.927,,1.65,,,GEOID12B,6.10,6.10,,,,,,,,,,,,,,,,,,,,,COASTAL ESTUARY SERVICES LLC,
CRMS0002-H01,11/2/2024,10:00:00,CST,Surface Water,24.71,24.71,14387.00,14592.98,8.34,8.46,2.34,2.34,,0.944,,1.66,,,GEOID12B,6.10,6.10,,,,,,,,,,,,,,,,,,,,,COASTAL ESTUARY SERVICES LLC,
CRMS0002-H01,11/2/2024,11:00:00,CST,Surface Water,24.86,24.86,14462.00,14669.92,8.38,8.51,2.22,2.22,,0.822,,1.54,,,GEOID12B,6.10,6.10,,,,,,,,,,,,,,,,,,,,,COASTAL ESTUARY SERVICES LLC,
CRMS0002-H01,11/2/2024,12:00:00,CST,Surface Water,25.20,25.20,14365.00,14572.38,8.32,8.45,2.12,2.12,,0.717,,1.44,,,GEOID12B,6.10,6.10,,,,,,,,,,,,,,,,,,,,,COASTAL ESTUARY SERVICES LLC,
CRMS0002-H01,11/2/2024,13:00:00,CST,Surface Water,25.34,25.34,14174.00,14379.47,8.20,8.33,2.04,2.04,,0.638,,1.36,,,GEOID12B,6.10,6.10,,,,,,,,,,,,,,,,,,,,,COASTAL ESTUARY SERVICES LLC,
CRMS0002-H01,11/2/2024,14:00:00,CST,Surface Water,25.56,25.56,13411.00,13606.21,7.72,7.85,2.05,2.05,,0.652,,1.37,,,GEOID12B,6.10,6.10,,,,,,,,,,,,,,,,,,,,,COASTAL ESTUARY SERVICES LLC,
CRMS0002-H01,11/2/2024,15:00:00,CST,Surface Water,25.65,25.65,13539.00,13736.88,7.80,7.93,2.07,2.07,,0.674,,1.39,,,GEOID12B,6.10,6.10,,,,,,,,,,,,,,,,,,,,,COASTAL ESTUARY SERVICES LLC,
CRMS0002-H01,11/2/2024,16:00:00,CST,Surface Water,25.52,25.52,13476.00,13673.76,7.76,7.89,2.09,2.09,,0.691,,1.41,,,GEOID12B,6.10,6.10,,,,,,,,,,,,,,,,,,,,,COASTAL ESTUARY SERVICES LLC,
CRMS0002-H01,11/2/2024,17:00:00,CST,Surface Water,25.35,25.35,13694.00,13895.78,7.90,8.03,2.15,2.15,,0.753,,1.47,,,GEOID12B,6.10,6.10,,,,,,,,,,,,,,,,,,,,,COASTAL ESTUARY SERVICES LLC,
CRMS0002-H01,11/2/2024,18:00:00,CST,Surface Water,25.28,25.28,13896.00,14101.58,8.02,8.15,2.21,2.21,,0.816,,1.53,,,GEOID12B,6.10,6.10,,,,,,,,,,,,,,,,,,,,,COASTAL ESTUARY SERVICES LLC,
CRMS0002-H01,11/2/2024,19:00:00,CST,Surface Water,25.24,25.24,13925.00,14131.84,8.04,8.17,2.28,2.28,,0.884,,1.60,,,GEOID12B,6.10,6.10,,,,,,,,,,,,,,,,,,,,,COASTAL ESTUARY SERVICES LLC,
CRMS0002-H01,11/2/2024,20:00:00,CST,Surface Water,25.13,25.13,13761.00,13966.23,7.94,8.07,2.27,2.27,,0.871,,1.59,,,GEOID12B,6.10,6.10,,,,,,,,,,,,,,,,,,,,,COASTAL ESTUARY SERVICES LLC,
CRMS0002-H01,11/2/2024,21:00:00,CST,Surface Water,25.09,25.09,13761.00,13967.05,7.94,8.07,2.32,2.32,,0.924,,1.64,,,GEOID12B,6.10,6.10,,,,,,,,,,,,,,,,,,,,,COASTAL ESTUARY SERVICES LLC,
CRMS0002-H01,11/2/2024,22:00:00,CST,Surface Water,24.91,24.91,13624.00,13828.81,7.86,7.99,2.35,2.35,,0.953,,1.67,,,GEOID12B,6.10,6.10,,,,,,,,,,,,,,,,,,,,,COASTAL ESTUARY SERVICES LLC,
CRMS0002-H01,11/2/2024,23:00:00,CST,Surface Water,24.96,24.96,13659.00,13865.15,7.88,8.01,2.40,2.40,,1.003,,1.72,,,GEOID12B,6.10,6.10,,,,,,,,,,,,,,,,,,,,,COASTAL ESTUARY SERVICES LLC,
CRMS0002-H01,11/3/2024,00:00:00,CST,Surface Water,25.02,25.02,13678.00,13885.25,7.89,8.02,2.45,2.45,,1.055,,1.77,,,GEOID12B,6.10,6.10,,,,,,,,,,,,,,,,,,,,,COASTAL ESTUARY SERVICES LLC,
CRMS0002-H01,11/3/2024,01:00:00,CST,Surface Water,25.07,25.07,13790.00,13999.77,7.96,8.09,2.53,2.53,,1.127,,1.85,,,GEOID12B,6.10,6.10,,,,,,,,,,,,,,,,,,,,,COASTAL ESTUARY SERVICES LLC,
CRMS0002-H01,11/3/2024,02:00:00,CST,Surface Water,25.17,25.17,13978.00,14191.47,8.08,8.21,2.60,2.60,,1.196,,1.92,,,GEOID12B,6.10,6.10,,,,,,,,,,,,,,,,,,,,,COASTAL ESTUARY SERVICES LLC,
CRMS0002-H01,11/3/2024,03:00:00,CST,Surface Water,25.00,25.00,13864.00,14076.55,8.01,8.14,2.64,2.64,,1.245,,1.96,,,GEOID12B,6.10,6.10,,,,,,,,,,,,,,,,,,,,,COASTAL ESTUARY SERVICES LLC,
CRMS0002-H01,11/3/2024,04:00:00,CST,Surface Water,25.11,25.11,14112.00,14329.20,8.16,8.29,2.64,2.64,,1.245,,1.96,,,GEOID12B,6.10,6.10,,,,,,,,,,,,,,,,,,,,,COASTAL ESTUARY SERVICES LLC,
CRMS0002-H01,11/3/2024,05:00:00,CST,Surface Water,24.26,24.26,12880.00,13079.00,7.40,7.52,2.57,2.57,,1.167,,1.89,,,GEOID12B,6.10,6.10,,,,,,,,,,,,,,,,,,,,,COASTAL ESTUARY SERVICES LLC,
CRMS0002-H01,11/3/2024,06:00:00,CST,Surface Water,24.47,24.47,13367.00,13574.32,7.70,7.83,2.52,2.52,,1.117,,1.84,,,GEOID12B,6.10,6.10,,,,,,,,,,,,,,,,,,,,,COASTAL ESTUARY SERVICES LLC,
CRMS0002-H01,11/3/2024,07:00:00,CST,Surface Water,24.32,24.32,13367.00,13575.12,7.70,7.83,2.48,2.48,,1.085,,1.80,,,GEOID12B,6.10,6.10,,,,,,,,,,,,,,,,,,,,,COASTAL ESTUARY SERVICES LLC,
CRMS0002-H01,11/3/2024,08:00:00,CST,Surface Water,24.21,24.21,13332.00,13540.37,7.68,7.81,2.40,2.40,,1.003,,1.72,,,GEOID12B,6.10,6.10,,,,,,,,,,,,,,,,,,,,,COASTAL ESTUARY SERVICES LLC,
CRMS0002-H01,11/3/2024,09:00:00,CST,Surface Water,24.35,24.35,13265.00,13473.12,7.64,7.77,2.32,2.32,,0.917,,1.64,,,GEOID12B,6.10,6.10,,,,,,,,,,,,,,,,,,,,,COASTAL ESTUARY SERVICES LLC,
CRMS0002-H01,11/3/2024,10:00:00,CST,Surface Water,24.60,24.60,13144.00,13351.00,7.56,7.69,2.26,2.26,,0.861,,1.58,,,GEOID12B,6.10,6.10,,,,,,,,,,,,,,,,,,,,,COASTAL ESTUARY SERVICES LLC,
CRMS0002-H01,11/3/2024,11:00:00,CST,Surface Water,24.95,24.95,13088.00,13294.90,7.52,7.66,2.23,2.23,,0.835,,1.55,,,GEOID12B,6.10,6.10,,,,,,,,,,,,,,,,,,,,,COASTAL ESTUARY SERVICES LLC,
CRMS0002-H01,11/3/2024,12:00:00,CST,Surface Water,25.43,25.43,13013.00,13219.49,7.47,7.61,2.20,2.20,,0.806,,1.52,,,GEOID12B,6.10,6.10,,,,,,,,,,,,,,,,,,,,,COASTAL ESTUARY SERVICES LLC,
CRMS0002-H01,11/3/2024,13:00:00,CST,Surface Water,25.51,25.51,13064.00,13272.08,7.50,7.64,2.09,2.09,,0.694,,1.41,,,GEOID12B,6.10,6.10,,,,,,,,,,,,,,,,,,,,,COASTAL ESTUARY SERVICES LLC,
CRMS0002-H01,11/3/2024,14:00:00,CST,Surface Water,25.57,25.57,12965.00,13172.28,7.44,7.58,1.99,1.99,,0.596,,1.31,,,GEOID12B,6.10,6.10,,,,,,,,,,,,,,,,,,,,,COASTAL ESTUARY SERVICES LLC,
CRMS0002-H01,11/3/2024,15:00:00,CST,Surface Water,25.64,25.64,12741.00,12945.46,7.30,7.44,1.98,1.98,,0.579,,1.30,,,GEOID12B,6.10,6.10,,,,,,,,,,,,,,,,,,,,,COASTAL ESTUARY SERVICES LLC,
CRMS0002-H01,11/3/2024,16:00:00,CST,Surface Water,25.50,25.50,12718.00,12922.85,7.29,7.43,2.02,2.02,,0.619,,1.34,,,GEOID12B,6.10,6.10,,,,,,,,,,,,,,,,,,,,,COASTAL ESTUARY SERVICES LLC,
CRMS0002-H01,11/3/2024,17:00:00,CST,Surface Water,25.43,25.43,12826.00,13033.35,7.36,7.50,2.12,2.12,,0.720,,1.44,,,GEOID12B,6.10,6.10,,,,,,,,,,,,,,,,,,,,,COASTAL ESTUARY SERVICES LLC,
CRMS0002-H01,11/3/2024,18:00:00,CST,Surface Water,25.40,25.40,12851.00,13059.52,7.37,7.51,2.21,2.21,,0.812,,1.53,,,GEOID12B,6.10,6.10,,,,,,,,,,,,,,,,,,,,,COASTAL ESTUARY SERVICES LLC,
CRMS0002-H01,11/3/2024,19:00:00,CST,Surface Water,25.34,25.34,12976.00,13187.32,7.45,7.59,2.25,2.25,,0.848,,1.57,,,GEOID12B,6.10,6.10,,,,,,,,,,,,,,,,,,,,,COASTAL ESTUARY SERVICES LLC,
CRMS0002-H01,11/3/2024,20:00:00,CST,Surface Water,25.18,25.18,12796.00,13005.16,7.34,7.48,2.21,2.21,,0.809,,1.53,,,GEOID12B,6.10,6.10,,,,,,,,,,,,,,,,,,,,,COASTAL ESTUARY SERVICES LLC,
CRMS0002-H01,11/3/2024,21:00:00,CST,Surface Water,25.15,25.15,13077.00,13291.53,7.51,7.65,2.39,2.39,,0.986,,1.71,,,GEOID12B,6.10,6.10,,,,,,,,,,,,,,,,,,,,,COASTAL ESTUARY SERVICES LLC,
CRMS0002-H01,11/3/2024,22:00:00,CST,Surface Water,24.98,24.98,12947.00,13160.17,7.43,7.57,2.39,2.39,,0.989,,1.71,,,GEOID12B,6.10,6.10,,,,,,,,,,,,,,,,,,,,,COASTAL ESTUARY SERVICES LLC,
CRMS0002-H01,11/3/2024,23:00:00,CST,Surface Water,24.96,24.96,12769.00,12980.00,7.32,7.46,2.47,2.47,,1.071,,1.79,,,GEOID12B,6.10,6.10,,,,,,,,,,,,,,,,,,,,,COASTAL ESTUARY SERVICES LLC,
CRMS0002-H01,11/4/2024,00:00:00,CST,Surface Water,24.69,24.69,12593.00,12801.84,7.22,7.35,2.52,2.52,,1.121,,1.84,,,GEOID12B,6.10,6.10,,,,,,,,,,,,,,,,,,,,,COASTAL ESTUARY SERVICES LLC,
CRMS0002-H01,11/4/2024,01:00:00,CST,Surface Water,24.84,24.84,12808.00,13021.17,7.35,7.49,2.74,2.74,,1.337,,2.06,,,GEOID12B,6.10,6.10,,,,,,,,,,,,,,,,,,,,,COASTAL ESTUARY SERVICES LLC,
CRMS0002-H01,11/4/2024,02:00:00,CST,Surface Water,24.84,24.84,13142.00,13361.51,7.56,7.70,2.84,2.84,,1.439,,2.16,,,GEOID12B,6.10,6.10,,,,,,,,,,,,,,,,,,,,,COASTAL ESTUARY SERVICES LLC,
CRMS0002-H01,11/4/2024,03:00:00,CST,Surface Water,24.79,24.79,12896.00,13112.17,7.40,7.54,2.95,2.95,,1.547,,2.27,,,GEOID12B,6.10,6.10,,,,,,,,,,,,,,,,,,,,,COASTAL ESTUARY SERVICES LLC,
CRMS0002-H01,11/4/2024,04:00:00,CST,Surface Water,24.51,24.51,11928.00,12128.66,6.81,6.94,2.96,2.96,,1.564,,2.28,,,GEOID12B,6.10,6.10,,,,,,,,,,,,,,,,,,,,,COASTAL ESTUARY SERVICES LLC,
CRMS0002-H01,11/4/2024,05:00:00,CST,Surface Water,24.49,24.49,11908.00,12109.03,6.80,6.93,2.96,2.96,,1.560,,2.28,,,GEOID12B,6.10,6.10,,,,,,,,,,,,,,,,,,,,,COASTAL ESTUARY SERVICES LLC,
CRMS0002-H01,11/4/2024,06:00:00,CST,Surface Water,24.42,24.42,11864.00,12065.00,6.77,6.90,2.89,2.89,,1.495,,2.21,,,GEOID12B,6.10,6.10,,,,,,,,,,,,,,,,,,,,,COASTAL ESTUARY SERVICES LLC,
CRMS0002-H01,11/4/2024,07:00:00,CST,Surface Water,24.37,24.37,11821.00,12021.98,6.74,6.88,2.88,2.88,,1.478,,2.20,,,GEOID12B,6.10,6.10,,,,,,,,,,,,,,,,,,,,,COASTAL ESTUARY SERVICES LLC,
CRMS0002-H01,11/4/2024,08:00:00,CST,Surface Water,24.38,24.38,11990.00,12194.56,6.85,6.98,2.78,2.78,,1.380,,2.10,,,GEOID12B,6.10,6.10,,,,,,,,,,,,,,,,,,,,,COASTAL ESTUARY SERVICES LLC,
CRMS0002-H01,11/4/2024,09:00:00,CST,Surface Water,24.49,24.49,12224.00,12433.29,6.99,7.13,2.72,2.72,,1.321,,2.04,,,GEOID12B,6.10,6.10,,,,,,,,,,,,,,,,,,,,,COASTAL ESTUARY SERVICES LLC,
CRMS0002-H01,11/4/2024,10:00:00,CST,Surface Water,24.83,24.83,12864.00,13085.01,7.38,7.53,2.65,2.65,,1.252,,1.97,,,GEOID12B,6.10,6.10,,,,,,,,,,,,,,,,,,,,,COASTAL ESTUARY SERVICES LLC,
CRMS0002-H01,11/4/2024,11:00:00,CST,Surface Water,25.06,25.06,12652.00,12870.12,7.25,7.40,2.54,2.54,,1.140,,1.86,,,GEOID12B,6.10,6.10,,,,,,,,,,,,,,,,,,,,,COASTAL ESTUARY SERVICES LLC,
CRMS0002-H01,11/4/2024,12:00:00,CST,Surface Water,25.16,25.16,12759.00,12979.73,7.32,7.46,2.46,2.46,,1.058,,1.78,,,GEOID12B,6.10,6.10,,,,,,,,,,,,,,,,,,,,,COASTAL ESTUARY SERVICES LLC,
CRMS0002-H01,11/4/2024,13:00:00,CST,Surface Water,25.51,25.51,12564.00,12782.10,7.19,7.34,2.45,2.45,,1.055,,1.77,,,GEOID12B,6.10,6.10,,,,,,,,,,,,,,,,,,,,,COASTAL ESTUARY SERVICES LLC,
CRMS0002-H01,11/4/2024,14:00:00,CST,Surface Water,25.50,25.50,12456.00,12672.97,7.13,7.27,2.35,2.35,,0.953,,1.67,,,GEOID12B,6.10,6.10,,,,,,,,,,,,,,,,,,,,,COASTAL ESTUARY SERVICES LLC,
CRMS0002-H01,11/4/2024,15:00:00,CST,Surface Water,25.60,25.60,12414.00,12630.98,7.10,7.25,2.35,2.35,,0.953,,1.67,,,GEOID12B,6.10,6.10,,,,,,,,,,,,,,,,,,,,,COASTAL ESTUARY SERVICES LLC,
CRMS0002-H01,11/4/2024,16:00:00,CST,Surface Water,25.62,25.62,12384.00,12601.20,7.08,7.23,2.49,2.49,,1.088,,1.81,,,GEOID12B,6.10,6.10,,,,,,,,,,,,,,,,,,,,,COASTAL ESTUARY SERVICES LLC,
CRMS0002-H01,11/4/2024,17:00:00,CST,Surface Water,25.56,25.56,12707.00,12930.62,7.28,7.43,2.64,2.64,,1.245,,1.96,,,GEOID12B,6.10,6.10,,,,,,,,,,,,,,,,,,,,,COASTAL ESTUARY SERVICES LLC,
CRMS0002-H01,11/4/2024,18:00:00,CST,Surface Water,25.39,25.39,12361.00,12579.27,7.07,7.22,2.44,2.44,,1.045,,1.76,,,GEOID12B,6.10,6.10,,,,,,,,,,,,,,,,,,,,,COASTAL ESTUARY SERVICES LLC,
CRMS0002-H01,11/4/2024,19:00:00,CST,Surface Water,25.23,25.23,12316.00,12534.21,7.04,7.19,2.56,2.56,,1.160,,1.88,,,GEOID12B,6.10,6.10,,,,,,,,,,,,,,,,,,,,,COASTAL ESTUARY SERVICES LLC,
CRMS0002-H01,11/4/2024,20:00:00,CST,Surface Water,25.08,25.08,12529.00,12751.73,7.18,7.32,2.64,2.64,,1.242,,1.96,,,GEOID12B,6.10,6.10,,,,,,,,,,,,,,,,,,,,,COASTAL ESTUARY SERVICES LLC,
CRMS0002-H01,11/4/2024,21:00:00,CST,Surface Water,25.22,25.22,12991.00,13222.72,7.46,7.61,2.74,2.74,,1.337,,2.06,,,GEOID12B,6.10,6.10,,,,,,,,,,,,,,,,,,,,,COASTAL ESTUARY SERVICES LLC,
CRMS0002-H01,11/4/2024,22:00:00,CST,Surface Water,25.24,25.24,13805.00,14052.06,7.97,8.12,2.77,2.77,,1.367,,2.09,,,GEOID12B,6.10,6.10,,,,,,,,,,,,,,,,,,,,,COASTAL ESTUARY SERVICES LLC,
CRMS0002-H01,11/4/2024,23:00:00,CST,Surface Water,25.22,25.22,14759.00,15024.01,8.56,8.73,2.85,2.85,,1.452,,2.17,,,GEOID12B,6.10,6.10,,,,,,,,,,,,,,,,,,,,,COASTAL ESTUARY SERVICES LLC,
